{
  "Author": "Anna / DiceFFXiv",
  "Name": "Globetrotter",
  "InternalName": "Globetrotter",
  "AssemblyVersion": "1.2.12",
  "Description": "Automatically shows where treasure maps are located.\n\nIcon: Map by Adrien Coquet from the Noun Project",
  "ApplicableVersion": "any",
  "RepoUrl": "https://git.anna.lgbt/anna/Globetrotter",
  "DalamudApiLevel": 11,
  "LoadRequiredState": 0,
  "LoadSync": false,
  "CanUnloadAsync": false,
  "LoadPriority": 0,
  "Punchline": "Automatically shows where treasure maps are located.",
  "AcceptsFeedback": true
}